file,path,line,pattern,status,suggestion
index.php,<?php the_permalink(); ?> at article link,22,the_permalink() used in link,needs-review,Reproduce the exact output-context risk with a focused RED test before any production change.
index.php,<?php the_title(); ?> in heading,20,the_title() output in heading,needs-review,Review WordPress output semantics and prove unsafe behavior with a focused RED test before changing code.
page.php,<?php the_title(); ?> in heading,23,the_title() output in heading,needs-review,Review WordPress output semantics and prove unsafe behavior with a focused RED test before changing code.
single.php,<?php the_title(); ?> in heading,23,the_title() output in heading,needs-review,Review WordPress output semantics and prove unsafe behavior with a focused RED test before changing code.
template-parts/content/card.php,<?php the_permalink(); ?> and <?php the_title(); ?>,14,the_permalink()/the_title() used,needs-review,Verify URL/text context independently and reproduce any defect before applying a minimal fix.
template-parts/header/site-header.php,$logo_html echo and wp_nav_menu outputs,75,WordPress-generated markup output,needs-review,Trace value provenance and allowed markup; do not change solely from text-match evidence.
template-parts/footer/site-footer.php,echo $primary_menu / $social_menu,67,WordPress-generated menu markup output,needs-review,Trace value provenance and allowed markup; do not change solely from text-match evidence.
template-parts/profile/surface.php,multiple echo with esc_* and wp_kses_post,58,escaped/kses output,informational,Original scan observed explicit escaping/sanitization; no defect claimed.
404.php,home_url echo,21,echo esc_url( home_url( '/' ) ),informational,Already explicitly escaped in URL context; no defect claimed.
